place_name,urban_share
Star,0.000000
Stanfield,0.000000
Stanley,1.000000
Stantonsburg,0.000000
Statesville,0.994687
Stedman,0.000000
Stem,0.000000
Stokes,0.000000
Stokesdale,0.000000
Stoneville,0.000000
Stonewall,0.000000
Stony Point,0.000000
Stovall,0.000000
Sugar Mountain,0.000000
Summerfield,0.185280
Sunbury,0.000000
Sunset Beach,1.000000
Surf City,0.890871
Swannanoa,0.897232
Swan Quarter,0.000000
Swansboro,1.000000
Swepsonville,1.000000
Sylva,0.980993
Tabor City,0.000000
Tarboro,0.967727
Tar Heel,0.000000
Taylorsville,0.000000
Taylortown,0.927445
Teachey,0.000000
Thomasville,0.996799
Toast,1.000000
Tobaccoville,0.098914
Topsail Beach,1.000000
Trenton,0.000000
Trent Woods,1.000000
Trinity,0.680845
Troutman,0.778799
Troy,0.000000
Tryon,0.975672
Turkey,0.000000
Tyro,0.000000
Unionville,0.005720
Valdese,0.953082
Valle Crucis,0.000000
Valley Hill,1.000000
Vanceboro,0.000000
Vandemere,0.000000
Vander,0.000000
Vann Crossroads,0.000000
Varnamtown,1.000000
Vass,0.000000
Waco,0.448387
Wade,0.000000
Lincolnton,1.000000
Light Oak,0.703013
Lilesville,0.000000
Lillington,0.576980
Linden,0.000000
Linville,0.000000
Littleton,0.000000
Locust,0.000000
Long Creek,0.000000
Long View,0.998821
Louisburg,0.000000
Love Valley,0.000000
Lowell,1.000000
Lowesville,0.000000
Lowgap,0.000000
Lucama,0.000000
Lumber Bridge,0.000000
Lumberton,0.929829
McAdenville,0.995506
Macclesfield,0.000000
McDonald,0.000000
McFarlan,0.000000
McLeansville,0.316262
Macon,0.000000
Madison,1.000000
Maggie Valley,0.945465
Magnolia,0.000000
Maiden,0.947002
Mamers,0.000000
Manns Harbor,0.407595
Manteo,0.919375
Marble,0.000000
Marietta,0.000000
Marion,0.884800
Mar-Mac,0.780779
Marshall,0.000000
Marshallberg,0.000000
Mars Hill,0.000000
Marshville,0.000000
Marvin,0.962881
Matthews,1.000000
Maury,0.000000
Maxton,0.000000
Mayodan,0.961125
Maysville,0.000000
Mebane,0.991291
Mesic,0.000000
Micro,0.000000
Middleburg,0.000000
Middlesex,0.000000
Midland,0.000000
Midway,0.959933
Millers Creek,0.444847
Milwaukee,0.000000
Millingport,0.000000
Mills River,0.365923
Milton,0.000000
Mineral Springs,0.423868
Minnesott Beach,0.000000
Mint Hill,0.983138
Misenheimer,0.000000
Mocksville,0.957119
Momeyer,0.000000
Moncure,0.000000
Monroe,0.948180
Montreat,0.881243
Mooresboro,0.000000
Mooresville,0.997310
Moravian Falls,0.111565
Morehead City,0.999791
Morganton,0.968925
Morrisville,1.000000
Morven,0.000000
Mountain Home,0.992550
Mountain View,0.916713
Mount Airy,0.982671
Mount Gilead,0.000000
Mount Holly,0.995199
Mount Olive,0.000000
Mount Pleasant,0.000000
Moyock,0.000000
Mulberry,0.886154
Murfreesboro,0.000000
Murphy,0.000000
Murraysville,0.989627
Myrtle Grove,1.000000
Nags Head,0.980429
Nashville,0.987216
Navassa,0.647403
Nebo,0.000000
Neuse Forest,0.000000
New Bern,0.951488
New Hope,0.934509
Newland,0.000000
New London,0.695222
Newport,0.913841
Newton,0.945011
Newton Grove,0.000000
Norlina,0.000000
Norman,0.000000
Northchase,1.000000
Northlakes,1.000000
North Topsail Beach,0.926368
Northwest,0.000000
North Wilkesboro,0.957554
Cleveland,0.000000
Clarkton,0.000000
Clayton,0.994184
Clemmons,0.999149
Cliffside,0.000000
Clinton,0.999284
Clyde,1.000000
Coats,0.000000
Cofield,0.000000
Coinjock,0.000000
Colerain,0.000000
Columbia,0.000000
Columbus,0.000000
Como,0.000000
Concord,0.999221
Conetoe,0.000000
Connelly Springs,0.482014
Conover,0.984800
Conway,0.000000
Cooleemee,0.000000
Cordova,0.941319
Cornelius,1.000000
Cove City,0.000000
Cove Creek,0.000000
Cramerton,1.000000
Creedmoor,0.963009
Creswell,0.000000
Cricket,1.000000
Crossnore,0.000000
Crouse,0.555901
Cullowhee,0.995053
Cypress Landing,0.000000
Dallas,0.997132
Dana,0.711105
Danbury,0.000000
Davidson,0.999007
Davis,0.000000
Deep Run,0.000000
Deercroft,0.000000
Delco,0.000000
Dellview,0.000000
Delway,0.000000
Denton,0.000000
Denver,0.000000
Dillsboro,0.896714
Dobbins Heights,1.000000
Dobson,0.000000
Dortches,0.111830
Dover,0.000000
Drexel,1.000000
Dublin,0.000000
Duck,1.000000
Dudley,0.000000
Atkinson,0.000000
Atlantic,0.000000
Atlantic Beach,1.000000
Aulander,0.000000
Aurora,0.000000
Autryville,0.000000
Avery Creek,0.988398
Avon,0.000000
Ayden,0.966245
Badin,0.000000
Bailey,0.000000
Bakersville,0.000000
Bald Head Island,0.000000
Saratoga,0.000000
Sandy Creek,0.000000
Aberdeen,0.910991
Advance,0.000000
Ahoskie,0.993866
Alamance,1.000000
Albemarle,0.957035
Alexis,0.000000
Alliance,0.000000
Altamahaw,0.000000
Anderson Creek,0.485553
Andrews,0.000000
Angier,0.122887
Ansonville,0.000000
Apex,0.969581
Aquadale,0.000000
Arapahoe,0.000000
Archdale,0.982363
Archer Lodge,0.361059
Arrowhead Beach,0.000000
Asheboro,0.964722
Asheville,0.999937
Ashley Heights,0.000000
Askewville,0.000000
Sea Breeze,1.000000
Seagrove,0.000000
Sedalia,0.321006
Selma,0.961216
Seven Devils,0.000000
Seven Lakes,0.000000
Seven Springs,0.000000
Severn,0.000000
Shallotte,0.000239
Shannon,0.000000
Sharpsburg,0.998232
Shelby,0.965553
Siler City,0.981304
Silver City,0.869362
Silver Lake,1.000000
Simpson,1.000000
Sims,0.000000
Skippers Corner,0.790522
Smithfield,0.963071
Smithtown,0.000000
Sneads Ferry,0.000000
Snow Hill,0.000000
Southern Pines,0.945449
Southern Shores,1.000000
South Henderson,0.940283
South Mills,0.000000
Southmont,0.000000
Southport,0.999245
South Rosemary,0.676353
South Weldon,1.000000
Sparta,0.000000
Speed,0.000000
Spencer,0.960701
Spencer Mountain,0.000000
Spindale,0.928757
Spivey's Corner,0.000000
Spout Springs,0.984149
Springdale,1.000000
Spring Hope,0.000000
Spring Lake,0.978388
Spruce Pine,0.000000
Staley,0.000000
Stallings,1.000000
Sandyfield,0.000000
Sanford,0.983246
Sawmills,0.867530
Saxapahaw,0.000000
Scotch Meadows,1.000000
Scotland Neck,0.000000
Seaboard,0.000000
Gulf,0.000000
Grifton,0.000000
Grimesland,0.000000
Grover,0.000000
Half Moon,0.906138
Halifax,0.000000
Hallsboro,0.000000
Hamilton,0.000000
Hamlet,0.987718
Hampstead,0.702537
Harkers Island,0.000000
Harmony,0.000000
Harrells,0.000000
Harrellsville,0.000000
Harrisburg,0.997997
Hassell,0.000000
Hatteras,0.000000
Havelock,0.978762
Haw River,0.929840
Hayesville,0.000000
Hays,0.000000
Hemby Bridge,0.904585
Henderson,1.000000
Hendersonville,1.000000
Henrietta,0.000000
Hertford,0.000000
Hickory,0.993631
Hiddenite,0.000000
Highlands,0.000000
High Point,0.996221
High Shoals,0.000000
Hightsville,0.792958
Hildebran,1.000000
Hillsborough,0.982298
Hobgood,0.000000
Hobucken,0.000000
Hoffman,0.000000
Holden Beach,0.985885
Hollister,0.000000
Holly Ridge,0.000000
Holly Springs,0.998181
Hookerton,0.000000
Hoopers Creek,0.108007
Hope Mills,0.994104
Horse Shoe,0.292181
Hot Springs,0.000000
Hudson,1.000000
Huntersville,0.961891
Icard,0.905791
Indian Beach,1.000000
Indian Trail,0.992024
Ingold,0.000000
Iron Station,0.563636
Earl,0.000000
Dundarrach,0.000000
Dunn,0.992896
Durham,0.993274
East Arcadia,0.000000
East Bend,0.000000
East Flat Rock,0.997221
East Laurinburg,0.948718
Eastover,0.036105
East Rockingham,0.982714
East Spencer,0.982131
Eden,0.960379
Edenton,0.970628
Edneyville,0.000000
Efland,0.731221
Elizabeth City,0.946809
Elizabethtown,0.000000
Elkin,0.000000
Elk Park,0.000000
Ellenboro,0.000000
Ellerbe,0.000000
Elm City,0.000000
Elon,0.984562
Elrod,0.000000
Elroy,0.793342
Emerald Isle,1.000000
Emma,1.000000
Enfield,0.000000
Engelhard,0.000000
Enochville,0.950916
Erwin,0.949582
Etowah,0.000000
Eureka,0.000000
Everetts,0.000000
Evergreen,0.000000
Fair Bluff,0.000000
Fairfield,0.000000
Fairfield Harbour,0.000000
Fairmont,0.000000
Fairplains,0.975850
Fairview,0.527607
Fairview,0.000000
Faison,0.000000
Faith,1.000000
Falcon,0.000000
Falkland,0.000000
Fallston,0.000000
Farmington,0.000000
Farmville,0.981843
Fayetteville,0.989401
Fearrington Village,1.000000
Five Points,0.000000
Flat Rock,0.873207
Raynham,0.000000
Ramseur,0.000000
Randleman,0.965397
Ranlo,0.996453
Red Cross,0.000000
Red Oak,0.056254
Red Springs,0.000000
Reidsville,0.977645
Rennert,0.000000
Rex,0.000000
Rhodhiss,0.949850
Richfield,0.336770
Richlands,0.000000
Rich Square,0.000000
Riegelwood,0.000000
River Bend,1.000000
River Road,0.868083
Roanoke Rapids,0.990150
Robbins,0.000000
Robbinsville,0.000000
Roberdel,0.617886
Robersonville,0.000000
Rockfish,0.657700
Rockingham,0.995672
Rockwell,0.996525
Rocky Mount,0.977310
Rocky Point,0.000000
Rodanthe,0.000000
Rolesville,0.988813
Ronda,0.000000
Roper,0.000000
Roseboro,0.000000
Rose Hill,0.000000
Rosman,0.000000
Rougemont,0.000000
Rowland,0.000000
Roxboro,0.991763
Roxobel,0.000000
Royal Pines,1.000000
Ruffin,0.000000
Rural Hall,0.997314
Ruth,1.000000
Rutherford College,0.872757
Rutherfordton,0.963736
St. Helena,0.000000
St. James,0.999387
St. Pauls,0.000000
St. Stephens,0.963172
Salem,0.899406
Salemburg,0.000000
Salisbury,0.998340
Saluda,0.000000
Salvo,0.000000
Oak Island,0.985707
Norwood,0.000000
Oakboro,0.000000
Oak City,0.000000
Oak Ridge,0.042949
Ocean Isle Beach,0.995386
Ocracoke,0.000000
Ogden,1.000000
Old Fort,0.000000
Old Hundred,0.000000
Oriental,0.000000
Orrum,0.000000
Ossipee,0.000000
Oxford,0.955610
Pantego,0.000000
Parkton,0.000000
Parmele,0.000000
Patterson Springs,0.000000
Peachland,0.000000
Peletier,0.505852
Pembroke,0.934113
Pikeville,0.000000
Pilot Mountain,0.000000
Pinebluff,0.887984
Pinehurst,0.987714
Pine Knoll Shores,1.000000
Pine Level,0.879277
Pinetops,0.000000
Pinetown,0.000000
Pineville,1.000000
Piney Green,0.902197
Pink Hill,0.000000
Pinnacle,0.000000
Pittsboro,0.000000
Plain View,0.000000
Pleasant Garden,0.422800
Pleasant Hill,0.000000
Plymouth,0.000000
Polkton,0.000000
Polkville,0.000000
Pollocksville,0.000000
Porters Neck,0.978775
Potters Hill,0.000000
Powellsville,0.000000
Princeton,0.000000
Princeville,0.992823
Proctorville,0.000000
Prospect,0.000000
Pumpkin Center,1.000000
Raeford,0.996052
Raemon,0.000000
Raleigh,0.999354
Barker Ten Mile,0.691569
Balfour,1.000000
Banner Elk,0.000000
Barker Heights,1.000000
Barnardsville,0.000000
Bath,0.000000
Bayboro,0.000000
Bayshore,1.000000
Bayview,0.000000
Bear Grass,0.000000
Beaufort,0.981183
Beech Mountain,0.000000
Belhaven,0.000000
Bell Arthur,0.000000
Belmont,0.937975
Belville,1.000000
Belvoir,0.000000
Belwood,0.000000
Bennett,0.000000
Benson,0.000000
Bent Creek,0.756776
Wakulla,0.000000
Wadesboro,0.961861
Wagram,0.000000
Wake Forest,1.000000
Walkertown,0.997716
Wallace,0.000000
Wallburg,0.374304
Walnut Cove,0.000000
Walnut Creek,0.000000
Walstonburg,0.000000
Wanchese,0.000000
Warrenton,0.000000
Warsaw,0.000000
Washington,0.992304
Washington Park,1.000000
Watha,0.000000
Waves,0.000000
Waxhaw,0.798773
Waynesville,0.977712
Weaverville,1.000000
Webster,0.838710
Weddington,0.881420
Welcome,0.852578
Weldon,0.718144
Wendell,0.983253
Wentworth,0.009767
Wesley Chapel,0.889874
West Canton,0.966798
West Jefferson,0.000000
West Marion,0.986949
Westport,0.000000
Whispering Pines,0.998797
Whitakers,0.000000
White Lake,0.000000
White Oak,0.000000
White Plains,0.000000
Whiteville,0.951951
Whitsett,0.042808
Whittier,0.000000
Wilkesboro,0.998101
Williamston,0.975419
Wilmington,0.999203
Wilson,0.995298
Wilson's Mills,0.070639
Windsor,0.000000
Winfall,0.000000
Wingate,1.000000
Winston-Salem,0.999199
Winterville,0.999713
Winton,0.000000
Woodfin,0.883569
Woodland,0.000000
Bermuda Run,1.000000
Bessemer City,0.972366
Bethania,1.000000
Bethel,0.000000
Bethlehem,0.767090
Beulaville,0.000000
Biltmore Forest,0.845990
Biscoe,0.000000
Black Creek,0.000000
Black Mountain,0.988132
Bladenboro,0.000000
Blowing Rock,0.992006
Blue Clay Farms,0.000000
Boardman,0.000000
Bogue,0.850360
Boiling Spring Lakes,0.000000
Boiling Springs,0.000000
Bolivia,0.000000
Bolton,0.000000
Bonnetsville,0.000000
Boone,0.995234
Boonville,0.000000
Bostic,0.000000
Bowdens,0.000000
Bowmore,0.000000
Brandywine Bay,1.000000
Brevard,0.982051
Briar Chapel,0.980619
Brices Creek,0.806324
Bridgeton,0.787966
Broad Creek,0.914126
Forest City,0.986038
Flat Rock,0.951735
Fletcher,0.990359
Fontana Dam,0.000000
Forest Hills,0.897690
Forest Oaks,0.858636
Foscoe,0.000000
Fountain,0.000000
Four Oaks,0.987952
Foxfire,0.000000
Franklin,0.994012
Franklinton,0.000000
Franklinville,0.000000
Fremont,0.000000
Frisco,0.000000
Fruitland,0.535224
Fuquay-Varina,0.993851
Gamewell,0.063479
Garland,0.000000
Garner,0.995314
Garysburg,0.977876
Gaston,0.984127
Gastonia,0.996742
Gatesville,0.000000
Germanton,0.000000
Gerton,0.000000
Gibson,0.000000
Gibsonville,0.998767
Glen Alpine,0.792675
Glen Raven,0.875579
Glenville,0.000000
Glenwood,0.000000
Gloucester,0.000000
Godwin,0.000000
Gold Hill,0.000000
Goldsboro,0.986422
Goldston,0.000000
Gorman,0.762681
Governors Club,1.000000
Governors Village,1.000000
Graham,0.991024
Graingers,0.000000
Grandfather Village,0.000000
Grandy,0.000000
Granite Falls,0.909366
Granite Quarry,0.985925
Grantsboro,0.000000
Greenevers,0.000000
Green Level,1.000000
Greensboro,0.997606
Greenville,0.986289
Jackson Heights,0.000000
Ivanhoe,0.000000
JAARS,0.000000
Jackson,0.000000
Jackson Springs,0.000000
Jacksonville,0.965499
James City,0.975997
Jamestown,1.000000
Jamesville,0.000000
Jefferson,0.000000
Jonesville,0.000000
Kannapolis,0.977689
Keener,0.000000
Kelford,0.000000
Kelly,0.000000
Kenansville,0.000000
Kenly,0.000000
Kernersville,0.974744
Kill Devil Hills,1.000000
King,0.961651
Kings Grant,1.000000
Kings Mountain,0.962843
Kingstown,0.000000
Kinston,0.971658
Kittrell,0.000000
Kitty Hawk,0.833288
Knightdale,0.999331
Kure Beach,1.000000
La Grange,0.000000
Lake Junaluska,0.856477
Lake Lure,0.000000
Lake Norman of Catawba,0.000000
Lake Norman of Iredell,1.000000
Lake Park,1.000000
Lake Royale,0.867335
Lake Santeetlah,0.000000
Lake Waccamaw,0.000000
Landis,0.980488
Lansing,0.000000
Lasker,0.000000
Lattimore,0.000000
Laurel Hill,0.000000
Laurel Park,0.984889
Laurinburg,0.994525
Lawndale,0.000000
Leggett,0.000000
Leland,0.967784
Lenoir,0.990083
Lewiston Woodville,0.000000
Lewisville,0.932516
Lexington,0.973716
Liberty,0.000000
Yadkin College,0.000000
Woodlawn,0.196272
Wrightsboro,0.923272
Wrightsville Beach,1.000000
Yadkinville,0.000000
Yanceyville,0.000000
Youngsville,0.984127
Zebulon,0.970158
Chowan Beach,0.000000
Claremont,0.942080
Brunswick,0.289825
Broadway,0.000000
Brogden,0.997610
Brookford,0.986425
Bryson City,0.000000
Buies Creek,0.888103
Bunn,0.000000
Bunnlevel,0.000000
Burgaw,0.000000
Burlington,0.999250
Burnsville,0.000000
Butner,0.270930
Butters,0.000000
Buxton,0.000000
Cajah's Mountain,1.000000
Calabash,0.971656
Calypso,0.000000
Camden,0.814516
Cameron,0.000000
Candor,0.000000
Canton,0.993894
Cape Carteret,0.995953
Cape Colony,0.000000
Caroleen,0.000000
Carolina Beach,1.000000
Carolina Meadows,1.000000
Carolina Shores,1.000000
Carrboro,0.996807
Carthage,0.000000
Cary,0.999525
Casar,0.000000
Cashiers,0.000000
Castalia,0.000000
Castle Hayne,0.687047
Caswell Beach,1.000000
Catawba,0.000000
Cedar Point,1.000000
Cedar Rock,0.000000
Centerville,0.000000
Cerro Gordo,0.000000
Chadbourn,0.000000
Chapel Hill,1.000000
Charlotte,0.999934
Cherokee,0.000000
Cherry Branch,0.000000
Cherryville,0.986509
Chimney Rock Village,0.000000
China Grove,0.989851
Chinquapin,0.000000
Chocowinity,0.977839
